{
  "name": "ng-scrollbars",
  "version": "0.0.10",
  "authors": [
    "minhongrails@gmail.com"
  ],
  "description": "Wrapper of Malihu's jQuery Custom Scrollbar to Angular",
  "main": "dist/scrollbars.min.js",
  "keywords": [
    "scrollbar",
    "scrollbars",
    "angularjs",
    "malihu",
    "custom"
  ],
  "license": "MIT",
  "homepage": "http://iominh.github.io/ng-scrollbars/",
  "dependencies": {
    "malihu-custom-scrollbar-plugin": ">=3.0.7",
    "angular": "^1.2.21"
  },
  "ignore": [
    "**/.*",
    "demo",
    "gulp",
    "node_modules",
    "bower_components",
    "app/bower_components",
    "test",
    "tests"
  ],
  "_release": "0.0.10",
  "_resolution": {
    "type": "version",
    "tag": "0.0.10",
    "commit": "2435cc3a74eb8ed8ceaf196f13786b7dc43b73f5"
  },
  "_source": "git://github.com/iominh/ng-scrollbars.git",
  "_target": "0.0.10",
  "_originalSource": "ng-scrollbars"
}